Month,Paid In,Withdrawn,Net Amount,Transaction Count,Bill Payment,Gambling,Income,Loan Related,Other,Peer Transfer,Utilities,Loan Expense Ratio,Bill Expense Ratio
2025-01,11863.88,-13369.88,25233.76,343,7,0,15,24,292,3,2,-0.15261533326365406,0.02296206099082415
2025-02,5096.28,-6207.61,11303.89,166,12,2,10,0,138,4,0,0.0,0.09939413075241518
2025-03,5377.7,-7628.72,13006.42,194,31,5,33,6,95,24,0,-0.060010785279952406,0.33622940676810786
2025-04,740.0,-1010.0,1750.0,30,7,0,9,3,7,4,0,-0.20270270270270271,0.4089108910891089
